person_id,name,hierarchy_tier,file_path
p_001,Raju Mehta,Kingpin,data/raw/photos/p_001.jpg
p_002,Aryan Maharaj,Lieutenant,data/raw/photos/p_002.jpg
p_003,Udant Dewan,Lieutenant,data/raw/photos/p_003.jpg
p_004,Gagan Sami,Lieutenant,data/raw/photos/p_004.jpg
p_005,Ayushman Chander,Associate,data/raw/photos/p_005.jpg
p_006,Viraj Tiwari,Associate,data/raw/photos/p_006.jpg
p_007,Rushil Saini,Associate,data/raw/photos/p_007.jpg
p_008,Saumya Mall,Associate,data/raw/photos/p_008.jpg
p_009,Nathaniel Sami,Associate,data/raw/photos/p_009.jpg
p_010,Arunima Dugal,Associate,data/raw/photos/p_010.jpg
p_011,Gayathri Chaudry,Associate,data/raw/photos/p_011.jpg
p_012,Lajita Chatterjee,Associate,data/raw/photos/p_012.jpg
p_013,Hemangini Lalla,Associate,data/raw/photos/p_013.jpg
p_014,Tripti Yadav,Associate,data/raw/photos/p_014.jpg
p_015,Kritika Brar,Associate,data/raw/photos/p_015.jpg
p_016,Janaki Handa,Associate,data/raw/photos/p_016.jpg
p_017,Chakradev Kari,Associate,data/raw/photos/p_017.jpg
p_018,Vikram Solanki,Kingpin,data/raw/photos/p_018.jpg
p_019,Fariq Kaul,Lieutenant,data/raw/photos/p_019.jpg
p_020,Lajita Mall,Lieutenant,data/raw/photos/p_020.jpg
p_021,Janya Gaba,Lieutenant,data/raw/photos/p_021.jpg
p_022,Isha Kadakia,Associate,data/raw/photos/p_022.jpg
p_023,Ekbal Garg,Associate,data/raw/photos/p_023.jpg
p_024,Nihal Shere,Associate,data/raw/photos/p_024.jpg
p_025,Anamika Kanda,Associate,data/raw/photos/p_025.jpg
p_026,Daksh Karnik,Associate,data/raw/photos/p_026.jpg
p_027,Diya Rattan,Associate,data/raw/photos/p_027.jpg
p_028,Dominic Kakar,Associate,data/raw/photos/p_028.jpg
p_029,Simon Tata,Associate,data/raw/photos/p_029.jpg
p_030,Tara Dhar,Associate,data/raw/photos/p_030.jpg
p_031,Liam Koshy,Associate,data/raw/photos/p_031.jpg
p_032,Priya Rastogi,Associate,data/raw/photos/p_032.jpg
p_033,Theodore Devi,Associate,data/raw/photos/p_033.jpg
p_034,Gavin Batta,Associate,data/raw/photos/p_034.jpg
p_035,Imran Sheikh,Kingpin,data/raw/photos/p_035.jpg
p_036,Michael Dutta,Lieutenant,data/raw/photos/p_036.jpg
p_037,Devansh Rajan,Lieutenant,data/raw/photos/p_037.jpg
p_038,Upadhriti Wadhwa,Lieutenant,data/raw/photos/p_038.jpg
p_039,Advay Contractor,Associate,data/raw/photos/p_039.jpg
p_040,Harini Choudhury,Associate,data/raw/photos/p_040.jpg
p_041,Radhika Dugar,Associate,data/raw/photos/p_041.jpg
p_042,Aarush Lall,Associate,data/raw/photos/p_042.jpg
p_043,Yashica Cherian,Associate,data/raw/photos/p_043.jpg
p_044,Yashica Issac,Associate,data/raw/photos/p_044.jpg
p_045,Kashvi Edwin,Associate,data/raw/photos/p_045.jpg
p_046,Ekiya Suresh,Associate,data/raw/photos/p_046.jpg
p_047,Isaac Patil,Associate,data/raw/photos/p_047.jpg
p_048,Wriddhish Bhardwaj,Associate,data/raw/photos/p_048.jpg
p_049,Farhan Chada,Associate,data/raw/photos/p_049.jpg
p_050,Ekapad Walia,Associate,data/raw/photos/p_050.jpg
p_051,Kabir Soman,Associate,data/raw/photos/p_051.jpg
p_052,Deepak Naik,Kingpin,data/raw/photos/p_052.jpg
p_053,Alka Wable,Lieutenant,data/raw/photos/p_053.jpg
p_054,Siddharth Zacharia,Lieutenant,data/raw/photos/p_054.jpg
p_055,Devika Rastogi,Lieutenant,data/raw/photos/p_055.jpg
p_056,Raksha Varughese,Associate,data/raw/photos/p_056.jpg
p_057,Jai Kota,Associate,data/raw/photos/p_057.jpg
p_058,Devansh Nigam,Associate,data/raw/photos/p_058.jpg
p_059,Victor Kannan,Associate,data/raw/photos/p_059.jpg
p_060,Ekavir Bhargava,Associate,data/raw/photos/p_060.jpg
p_061,Ekansh Balay,Associate,data/raw/photos/p_061.jpg
p_062,Ekavir Varkey,Associate,data/raw/photos/p_062.jpg
p_063,Arya Sunder,Associate,data/raw/photos/p_063.jpg
p_064,Kevin Solanki,Associate,data/raw/photos/p_064.jpg
p_065,Urvashi Ray,Associate,data/raw/photos/p_065.jpg
p_066,Girindra Chatterjee,Associate,data/raw/photos/p_066.jpg
p_067,Irya Sampath,Associate,data/raw/photos/p_067.jpg
p_068,Unni Bhagat,Associate,data/raw/photos/p_068.jpg
p_069,Sunil Pradhan,Kingpin,data/raw/photos/p_069.jpg
p_070,Darsh Rau,Lieutenant,data/raw/photos/p_070.jpg
p_071,Ikbal Kothari,Lieutenant,data/raw/photos/p_071.jpg
p_072,Ranveer Yadav,Lieutenant,data/raw/photos/p_072.jpg
p_073,Logan Sami,Associate,data/raw/photos/p_073.jpg
p_074,Arya Shere,Associate,data/raw/photos/p_074.jpg
p_075,Faqid Savant,Associate,data/raw/photos/p_075.jpg
p_076,Chandresh Zachariah,Associate,data/raw/photos/p_076.jpg
p_077,Girik Khalsa,Associate,data/raw/photos/p_077.jpg
p_078,Niharika Sunder,Associate,data/raw/photos/p_078.jpg
p_079,Tanay Rattan,Associate,data/raw/photos/p_079.jpg
p_080,Nitesh Raghavan,Associate,data/raw/photos/p_080.jpg
p_081,Madhavi Lanka,Associate,data/raw/photos/p_081.jpg
p_082,Bhavika Sampath,Associate,data/raw/photos/p_082.jpg
p_083,Mohammed Gupta,Associate,data/raw/photos/p_083.jpg
p_084,Teerth Bhardwaj,Associate,data/raw/photos/p_084.jpg
p_085,Dipta Bhandari,Associate,data/raw/photos/p_085.jpg
p_086,Faisal Khan,Kingpin,data/raw/photos/p_086.jpg
p_087,Vansha Thakkar,Lieutenant,data/raw/photos/p_087.jpg
p_088,Dakshesh Trivedi,Lieutenant,data/raw/photos/p_088.jpg
p_089,Quincy Biswas,Lieutenant,data/raw/photos/p_089.jpg
p_090,Wahab Raval,Associate,data/raw/photos/p_090.jpg
p_091,Yatin Baral,Associate,data/raw/photos/p_091.jpg
p_092,Oni Virk,Associate,data/raw/photos/p_092.jpg
p_093,Advika Jayaraman,Associate,data/raw/photos/p_093.jpg
p_094,William Lanka,Associate,data/raw/photos/p_094.jpg
p_095,Karan Mital,Associate,data/raw/photos/p_095.jpg
p_096,Diya Bora,Associate,data/raw/photos/p_096.jpg
p_097,Tara Chaudhry,Associate,data/raw/photos/p_097.jpg
p_098,Tanay Toor,Associate,data/raw/photos/p_098.jpg
p_099,Kevin Palla,Associate,data/raw/photos/p_099.jpg
p_100,Yash Pingle,Associate,data/raw/photos/p_100.jpg
p_101,Nakul Sarma,Associate,data/raw/photos/p_101.jpg
p_102,Abhiram Mistry,Associate,data/raw/photos/p_102.jpg
p_103,Pappu Kasai,Associate,data/raw/photos/p_103.jpg
p_104,Ram Yadav,Associate,data/raw/photos/p_104.jpg
p_105,Mohan Verma,Associate,data/raw/photos/p_105.jpg
p_106,Suresh Bhagat,Associate,data/raw/photos/p_106.jpg
p_107,Anil Kamble,Associate,data/raw/photos/p_107.jpg
p_108,Iqbal Shaikh,Associate,data/raw/photos/p_108.jpg
p_109,Naresh Gowda,Associate,data/raw/photos/p_109.jpg
p_110,Salim Ansari,Associate,data/raw/photos/p_110.jpg
p_111,Vinod Chavan,Associate,data/raw/photos/p_111.jpg
p_112,Ashok Rane,Associate,data/raw/photos/p_112.jpg
p_113,Zubair Malik,Associate,data/raw/photos/p_113.jpg
p_114,Prakash Salvi,Associate,data/raw/photos/p_114.jpg
