CALLER,RECEIVER,DURATION_SEC,TOWER_ID,DATE
08261375060,1241182449,895,L15,2025-01-16
+912870831727,1232812067,720,L12,2024-09-19
+915348740164,6120183667,823,L13,2023-05-06
00139904902,1241182449,422,L13,2022-07-10
05562588153,+913200379176,609,L12,2023-11-11
+915348740164,+911280598262,651,L14,2025-11-02
4958887947,1998679807,449,L12,2022-07-21
0147679764,9016272046,457,L16,2023-12-09
08877190659,+910276773592,711,L15,2023-05-28
1241182449,08261375060,410,L12,2023-07-17
04688623924,+915348740164,378,L12,2022-09-27
+912870831727,1746120047,379,L16,2024-12-23
1241182449,05137098593,470,L14,2024-01-25
6120183667,+913662994680,51,L14,2022-03-18
7298259526,+913662994680,245,L13,2025-01-05
02456506098,+917154516808,665,L12,2024-01-05
1241182449,5220472779,153,L16,2022-09-24
1241182449,04688623924,248,L14,2025-04-20
1241182449,01823374989,134,L16,2024-05-12
+913662994680,+911280598262,464,L16,2024-01-12
1047095214,+910276773592,67,L15,2024-09-07
01183673657,+913036541458,723,L16,2022-08-23
01604817549,+916562729806,498,L12,2023-04-05
+915348740164,07752047116,785,L14,2023-09-25
+911467866912,0847007661,58,L13,2022-11-15
1820377889,+910524278680,88,L15,2023-07-12
+910524278680,08247710932,618,L12,2022-04-23
9367632016,05137098593,240,L16,2024-10-21
+913662994680,1241182449,337,L16,2022-12-18
08501429401,+913678377701,182,L13,2025-05-18
6120183667,+915841687849,335,L14,2025-07-08
6120183667,+915348740164,729,L15,2024-06-15
9367632016,+913690034324,91,L16,2023-09-27
2322602563,0147679764,525,L12,2024-01-12
+918053100330,4958887947,163,L14,2022-06-08
08536153051,08501429401,794,L16,2025-01-10
+915348740164,08742967175,789,L13,2025-06-19
0847007661,+916562729806,190,L16,2025-11-19
7298259526,+917154516808,33,L12,2023-10-15
+915348740164,+912970213556,488,L13,2025-11-26
1241182449,2327193745,158,L16,2025-01-28
05137098593,5148465648,300,L14,2023-05-02
7214895134,0586518506,659,L15,2025-06-29
1241182449,01604817549,252,L14,2022-10-22
1241182449,5220472779,49,L15,2025-07-25
02456506098,+913678377701,21,L12,2024-01-02
02456506098,06232858842,191,L12,2022-10-04
+910524278680,+918053100330,47,L14,2023-10-09
+915348740164,6120183667,297,L12,2024-01-02
09361832421,08501429401,340,L14,2025-09-15
05512567468,+910524278680,895,L16,2023-12-24
4958887947,07752047116,815,L12,2022-04-28
+915348740164,+911280598262,802,L14,2025-08-14
+917996507527,5148465648,758,L15,2023-01-17
+918053100330,8895798687,80,L13,2024-07-14
07351585064,+913200379176,329,L12,2025-08-08
04479627570,+910524278680,132,L13,2024-11-27
5165604945,2322602563,661,L16,2022-12-12
01778528922,+916562729806,679,L16,2025-07-02
+910524278680,6120183667,595,L13,2023-06-27
+912870831727,+917154516808,580,L14,2022-08-06
01657262849,7214895134,465,L13,2023-05-23
02160733754,9740344713,398,L15,2025-06-14
05512567468,+910524278680,511,L15,2025-05-08
1232812067,1241182449,115,L13,2024-06-01
+919912419049,+910524278680,496,L16,2022-12-16
+912499471746,+911467866912,309,L13,2023-08-15
+910524278680,07652775841,236,L13,2025-07-30
+910524278680,00576627028,739,L12,2024-08-25
1241182449,+911382675869,114,L14,2023-11-18
8516060715,1241182449,674,L13,2024-01-07
6120183667,+911467866912,381,L13,2025-06-12
+919912419049,8895798687,161,L16,2024-07-20
+913662994680,2327193745,602,L12,2024-09-28
+915841687849,1047095214,298,L13,2024-04-17
+914505331586,+910276773592,900,L13,2025-01-09
+916562729806,+918053100330,747,L12,2022-08-20
2327193745,08501429401,39,L16,2024-07-03
08536153051,2322602563,746,L12,2023-01-26
+910276773592,04369957773,777,L13,2024-09-07
1241182449,1746120047,603,L15,2025-04-01
02545991022,1241182449,549,L15,2025-02-03
1241182449,05137098593,286,L14,2025-01-02
1241182449,+917581814124,695,L13,2024-05-31
6556981693,02160733754,157,L13,2023-05-09
2322602563,06038597703,570,L12,2024-09-01
06232858842,+910524278680,81,L14,2025-11-02
1241182449,2327193745,152,L15,2025-12-30
+911467866912,6937923747,701,L15,2025-04-14
+914505331586,+916562729806,733,L13,2025-07-22
+912870831727,+918053100330,464,L16,2025-02-14
01604817549,08501429401,96,L16,2023-12-26
2322602563,07115921249,337,L12,2024-02-28
1241182449,08247710932,866,L15,2025-06-24
8895798687,00139904902,716,L15,2023-02-16
1241182449,03634957885,527,L16,2024-11-28
05512567468,1241182449,112,L15,2023-08-29
05512567468,+913036541458,744,L15,2025-11-27
1241182449,08742967175,116,L13,2025-10-18
+915348740164,5165604945,207,L16,2024-07-09
06238692221,1241182449,224,L14,2023-02-26
+915348740164,+919912419049,300,L15,2022-12-11
5148465648,+913662994680,798,L14,2025-01-17
+912499471746,4958887947,465,L14,2023-06-23
8895798687,3597820715,426,L14,2022-05-02
5220472779,9367632016,891,L13,2022-09-29
00139904902,1241182449,797,L15,2022-07-10
+912870831727,08536153051,812,L12,2023-12-05
+910524278680,4024455022,861,L12,2024-07-30
+913200379176,5220472779,456,L12,2024-07-23
9016272046,4422583132,285,L14,2022-07-11
1241182449,+918156149784,841,L15,2022-09-04
+916453521818,08501429401,325,L14,2024-01-23
+914345581223,7214895134,752,L14,2024-02-26
+910276773592,00139904902,148,L14,2023-05-23
6499091334,+911467866912,32,L14,2025-09-10
+914228421020,1241182449,225,L12,2022-03-23
05137098593,+916562729806,90,L12,2023-09-27
+913573322141,+915348740164,831,L14,2024-05-29
03755646417,9016272046,796,L16,2022-07-30
0147679764,+913662994680,763,L12,2024-11-08
+910524278680,5220472779,255,L15,2022-04-05
08414384249,1241182449,678,L14,2024-02-10
6556981693,05137098593,248,L15,2024-05-09
+910276773592,03259532787,150,L14,2025-12-28
2322602563,0927557192,870,L15,2024-11-30
02160733754,8895798687,844,L12,2024-03-18
+910524278680,08877190659,844,L12,2022-12-23
02160733754,08501429401,817,L12,2022-10-14
1241182449,08261375060,232,L13,2022-09-25
4958887947,+918053100330,666,L13,2024-06-27
2322602563,08536153051,833,L12,2023-11-11
+910524278680,1047095214,177,L15,2025-03-21
03259532787,+913036541458,677,L14,2023-05-09
07351585064,02456506098,402,L13,2023-12-28
5964016582,+915348740164,722,L16,2023-12-22
03755646417,+915348740164,62,L16,2023-04-22
2327193745,+912870831727,739,L14,2022-12-30
06038597703,7298259526,586,L13,2022-03-08
6556981693,07451712368,344,L13,2022-06-09
1241182449,08557444313,112,L14,2022-06-01
06232858842,02160733754,216,L14,2022-12-16
+911382675869,08501429401,297,L14,2025-01-01
06156545271,+915348740164,287,L13,2024-04-05
+915348740164,+918053100330,857,L12,2023-02-16
06232858842,+912870831727,182,L12,2025-05-16
+914228421020,1241182449,683,L16,2024-02-06
4958887947,03634957885,433,L15,2024-04-08
+910524278680,6120183667,599,L12,2025-06-25
08742967175,+915841687849,325,L12,2025-07-23
1241182449,07752047116,784,L16,2022-12-12
06038597703,+915348740164,209,L12,2024-02-04
00139904902,08501429401,520,L14,2025-04-20
+919912419049,+915841687849,221,L16,2022-02-14
07451712368,7214895134,733,L12,2025-08-25
+910524278680,7298259526,682,L12,2022-08-10
+910524278680,+913662994680,459,L12,2024-02-18
09361832421,+915348740164,513,L15,2023-03-02
08742967175,1241182449,692,L12,2022-07-02
+913036541458,03755646417,45,L14,2023-08-19
+910276773592,00084271094,399,L15,2025-11-13
+912870831727,6966416052,869,L12,2022-11-23
0927557192,5148465648,426,L12,2024-06-21
6120183667,9016272046,874,L15,2024-08-19
00139904902,02456506098,768,L12,2025-08-31
08501429401,00576627028,575,L12,2025-01-29
+913690034324,+913662994680,782,L13,2025-09-11
1241182449,05512567468,653,L16,2023-08-21
+915546659051,+910524278680,653,L16,2025-10-08
7214895134,0515319520,473,L16,2025-09-10
0010943969,8895798687,515,L16,2022-01-09
0927557192,+912870831727,732,L13,2025-08-24
1820377889,+915348740164,838,L12,2024-07-15
+918156149784,+910524278680,395,L15,2024-03-04
1241182449,+915454948083,640,L13,2024-06-26
1047095214,02456506098,81,L13,2023-01-18
+911382675869,+912870831727,603,L12,2023-06-07
+917581814124,02456506098,14,L14,2022-08-23
1241182449,+911280598262,691,L13,2025-07-13
1998679807,+916562729806,475,L12,2023-11-11
+914505331586,+910524278680,818,L16,2023-05-31
08144739473,6556981693,810,L14,2025-11-05
+917581814124,+915348740164,165,L13,2024-12-28
0010943969,1241182449,900,L13,2025-02-10
7214895134,1241182449,615,L16,2024-03-18
1241182449,7769453147,231,L15,2025-12-29
+915348740164,01864492519,242,L14,2022-05-09
+917154516808,+910524278680,216,L14,2024-11-26
08501429401,01473210469,653,L14,2023-07-15
1241182449,09808932460,455,L13,2022-12-06
9016272046,9856984789,841,L13,2022-08-31
7769453147,9367632016,611,L13,2022-11-26
6120183667,+915348740164,591,L12,2022-10-28
2322602563,02545991022,622,L12,2025-01-09
+913036541458,8895798687,493,L12,2023-04-22
1241182449,08147700541,12,L16,2025-03-29
04369957773,1241182449,675,L14,2023-02-25
+914499727875,6556981693,441,L16,2025-08-27
+915348740164,06038597703,415,L16,2025-06-11
1232812067,+910276773592,63,L15,2022-12-25
+910276773592,01902294131,625,L15,2023-02-03
1241182449,08261375060,259,L12,2023-08-12
9016272046,6556981693,85,L15,2025-10-16
06038597703,08501429401,375,L14,2025-06-08
1241182449,7214895134,893,L16,2025-10-23
7383473597,+911467866912,770,L16,2025-04-17
1746120047,+915348740164,411,L12,2024-12-09
6556981693,+919832731585,91,L15,2025-09-03
+912870831727,08261375060,34,L14,2022-03-13
1047095214,1241182449,508,L14,2024-09-04
1241182449,06238692221,304,L13,2025-05-07
1241182449,03259532787,293,L13,2023-07-06
1241182449,2327193745,435,L15,2023-10-01
4958887947,1047095214,815,L14,2022-03-06
2127799799,+915348740164,476,L16,2022-07-12
+917058957829,9016272046,750,L16,2022-03-28
+917154516808,+910524278680,687,L12,2023-03-23
+913200379176,+919912419049,576,L14,2025-08-13
05512567468,8895798687,45,L15,2024-09-20
+911280598262,+916562729806,307,L16,2023-06-24
+917154516808,1241182449,658,L15,2024-11-02
02160733754,02545991022,49,L13,2022-09-23
+915348740164,6120183667,402,L15,2025-09-09
00576627028,6556981693,658,L14,2025-03-26
+910276773592,7439533942,411,L12,2022-01-01
02456506098,0847007661,535,L14,2022-10-04
1241182449,+915841687849,224,L12,2023-10-07
+915348740164,05512567468,146,L14,2023-06-27
+914505331586,+910524278680,794,L14,2023-11-16
+910524278680,05137098593,331,L16,2025-01-10
0147679764,4958887947,461,L16,2025-05-03
+912870831727,+914505331586,590,L16,2022-04-11
02316658760,+910524278680,842,L13,2023-04-24
+918156149784,9016272046,750,L12,2022-06-25
1241182449,+918156149784,118,L15,2023-09-17
04701687339,+913036541458,328,L16,2024-09-19
08144739473,1241182449,258,L14,2024-12-20
+910276773592,00139904902,768,L14,2025-07-28
08247710932,+911467866912,590,L16,2025-05-01
05137098593,+915841687849,45,L15,2025-02-16
8516060715,5148465648,802,L16,2025-04-13
8895798687,00576627028,466,L13,2022-02-21
2322602563,+913690034324,654,L12,2024-01-14
04369957773,+912870831727,212,L16,2022-01-08
2546291486,1241182449,514,L16,2024-10-18
9856984789,1241182449,565,L16,2023-07-24
+910524278680,5171870262,187,L14,2022-11-27
2322602563,08877190659,382,L12,2024-02-16
8895798687,+918156149784,286,L16,2023-11-06
7298259526,05512567468,137,L16,2025-06-12
04688623924,4958887947,428,L14,2022-04-04
08144739473,+910524278680,538,L16,2023-09-06
+918053100330,+913662994680,806,L14,2023-09-24
00139904902,5148465648,808,L13,2022-03-18
+916562729806,08742967175,500,L14,2024-12-08
0147679764,+912870831727,746,L15,2022-03-16
1047095214,+910524278680,538,L14,2025-09-11
1241182449,+915546659051,659,L14,2023-03-06
1241182449,+914936899809,531,L13,2022-07-29
5944064090,+912870831727,487,L12,2025-10-15
6556981693,+910524278680,441,L13,2024-03-13
+912870831727,+917581814124,720,L12,2024-08-17
9016272046,06232858842,72,L13,2023-11-29
4958887947,0147679764,142,L12,2022-01-24
04701687339,8895798687,145,L15,2025-08-08
+911713900532,+910276773592,86,L16,2022-10-18
+910524278680,08742967175,802,L15,2022-01-23
+915348740164,5654310278,772,L16,2023-09-15
+910524278680,+919868000257,833,L12,2025-07-02
+915841687849,05562588153,614,L15,2022-11-12
0147679764,+910276773592,704,L12,2022-03-26
00139904902,1241182449,13,L12,2022-05-20
+919832731585,+910524278680,613,L13,2025-09-06
08536153051,+912870831727,677,L16,2025-08-19
06038597703,7298259526,269,L13,2023-06-27
+915348740164,+911280598262,750,L15,2023-05-29
1241182449,07451712368,673,L12,2025-08-04
+915348740164,1241182449,612,L15,2023-05-04
06232858842,1241182449,638,L13,2022-04-04
+918156149784,+912870831727,181,L12,2025-07-19
08144739473,+915348740164,107,L16,2025-07-18
+917154516808,9016272046,503,L12,2022-06-15
1241182449,08144739473,728,L16,2025-08-27
05512567468,1241182449,246,L12,2023-01-29
+915841687849,04701687339,638,L16,2024-01-12
+910524278680,05271774490,555,L13,2022-12-27
9016272046,04688623924,631,L16,2022-12-15
06232858842,7298259526,610,L15,2024-08-27
08414384249,+912870831727,307,L12,2023-05-05
1241182449,0147679764,170,L15,2025-12-11
5148465648,+916690967054,159,L16,2023-02-23
1829922995,1241182449,431,L16,2025-10-29
9016272046,01473210469,564,L14,2024-11-05
+913662994680,1241182449,637,L15,2023-03-28
1241182449,05137098593,461,L12,2025-10-18
1241182449,05512567468,320,L16,2024-07-01
+910524278680,08261375060,859,L14,2025-04-13
+916562729806,08877190659,660,L15,2025-07-27
+913200379176,02545991022,299,L13,2024-05-04
1241182449,03634957885,600,L13,2022-04-30
+910524278680,+917154516808,656,L12,2023-12-31
08501429401,+916562729806,231,L16,2023-01-21
+913662994680,+912870831727,22,L14,2024-09-09
+915348740164,+917581814124,232,L13,2022-09-21
+915348740164,02545991022,612,L15,2022-05-02
1241182449,6966416052,224,L15,2024-10-29
+911382675869,+915348740164,340,L12,2024-10-08
03755646417,4958887947,508,L12,2025-10-08
1241182449,2546291486,445,L15,2022-09-01
+915348740164,+911382675869,886,L13,2023-09-13
07451712368,8895798687,737,L15,2024-03-07
+915348740164,+910524278680,862,L14,2024-01-21
+910524278680,7769453147,245,L14,2025-08-20
08742967175,1241182449,338,L15,2022-03-18
1241182449,1047095214,27,L15,2023-10-11
1232812067,+910524278680,592,L13,2024-04-03
06889373467,+915348740164,821,L15,2023-09-28
7383473597,+910524278680,90,L16,2023-10-05
5148465648,3552312432,128,L16,2024-12-04
0586518506,7214895134,831,L14,2023-10-04
+919912419049,6556981693,224,L15,2023-07-17
+915348740164,2127799799,823,L13,2022-04-22
04688623924,8895798687,415,L14,2023-02-14
+911043289861,8895798687,182,L16,2025-11-08
8895798687,00139904902,714,L13,2024-03-25
+910524278680,+912172715518,487,L16,2023-12-27
+911467866912,05562588153,617,L12,2025-12-24
1241182449,07451712368,395,L15,2023-09-12
0147679764,+912870831727,577,L16,2022-03-26
+910524278680,+916690967054,240,L12,2023-01-11
7298259526,08144739473,46,L14,2024-06-23
8880670654,1241182449,702,L12,2025-10-25
+915348740164,1047095214,729,L15,2025-09-12
08742967175,+910524278680,642,L14,2024-07-16
08018242253,4958887947,821,L13,2025-03-11
2327193745,+910524278680,664,L14,2023-08-03
2322602563,+913678377701,250,L12,2024-03-27
1241182449,2327193745,402,L14,2024-04-04
+912870831727,02545991022,857,L16,2024-01-23
+916690967054,9367632016,312,L16,2023-05-25
+913662994680,02545991022,188,L15,2023-01-09
+910524278680,5171870262,726,L14,2023-09-02
6937923747,1241182449,409,L12,2022-08-27
+918156149784,+910276773592,696,L14,2024-03-19
+914505331586,8895798687,200,L12,2022-08-18
1241182449,03755646417,161,L15,2025-12-09
+910276773592,1047095214,885,L16,2024-07-09
08742967175,08501429401,872,L15,2025-12-31
+916453521818,4958887947,42,L15,2024-09-25
+918156149784,1241182449,299,L15,2023-01-29
+912870831727,09361832421,733,L15,2024-03-10
+915348740164,+911280598262,445,L16,2022-08-22
+915348740164,6556981693,650,L13,2022-08-30
04479627570,9016272046,304,L15,2025-12-21
00345054156,+910524278680,651,L16,2025-12-31
+915348740164,04688623924,611,L13,2023-06-14
05512567468,+910524278680,671,L15,2022-09-13
+913036541458,+913690034324,853,L12,2024-04-23
2322602563,7809134316,138,L13,2024-09-02
9367632016,+913690034324,137,L16,2025-12-13
+915348740164,9016272046,577,L12,2024-01-27
+912870831727,+917743487347,656,L15,2024-08-01
03030548687,7214895134,549,L12,2023-01-04
03755646417,1241182449,545,L15,2023-10-12
03634957885,+913662994680,106,L13,2025-01-14
+910276773592,03755646417,735,L14,2022-04-30
+910276773592,0147679764,257,L13,2025-02-10
+915348740164,+917581814124,854,L14,2025-06-25
7769453147,02456506098,354,L15,2023-03-08
06156545271,1241182449,14,L13,2025-10-09
+913200379176,+917154516808,202,L12,2024-06-29
+919912419049,1241182449,292,L14,2025-10-25
9367632016,+911280598262,270,L13,2025-03-13
7214895134,01604817549,512,L16,2024-01-11
+915348740164,6937923747,29,L14,2025-04-28
+913200379176,01604817549,368,L15,2024-05-12
+911280598262,+915348740164,122,L14,2022-10-19
03755646417,1241182449,868,L12,2023-06-21
1241182449,0147679764,393,L12,2025-09-03
07752047116,1241182449,457,L14,2023-04-24
+913036541458,+911280598262,44,L13,2025-01-23
1241182449,08877190659,847,L15,2023-12-11
08536153051,+915348740164,147,L13,2025-03-28
+916562729806,1829922995,343,L16,2025-03-09
2322602563,6556981693,571,L12,2022-12-30
+911280598262,+910276773592,295,L13,2023-02-26
9016272046,5148465648,554,L15,2024-05-06
9016272046,07351585064,322,L13,2025-04-18
1047095214,+915348740164,98,L15,2023-08-13
+918156149784,+910524278680,896,L14,2022-11-20
7298259526,+914505331586,112,L14,2024-10-30
+915348740164,+915454948083,731,L14,2022-10-07
+913036541458,09361832421,552,L13,2024-03-11
1241182449,+915348740164,19,L13,2023-11-22
8516060715,+910524278680,529,L14,2022-08-09
1241182449,2327193745,230,L14,2022-05-16
+911280598262,1241182449,604,L15,2024-07-08
2327193745,+915348740164,747,L15,2025-05-09
+910524278680,+919868000257,214,L12,2022-09-15
08144739473,+911467866912,765,L15,2024-02-04
1241182449,03755646417,508,L12,2022-01-04
04688623924,+915348740164,221,L12,2024-12-05
04688623924,1241182449,896,L15,2025-12-01
7214895134,05137098593,721,L14,2023-05-25
05512567468,+911467866912,492,L12,2025-09-10
9367632016,04688623924,313,L16,2025-10-10
6556981693,+919868000257,34,L14,2022-11-25
+913662994680,+914505331586,96,L16,2023-11-28
9367632016,00139904902,394,L12,2025-03-27
4958887947,+913690034324,494,L13,2025-07-16
+916562729806,+913690034324,873,L12,2023-04-06
02160733754,00139904902,815,L12,2025-04-03
+917154516808,02456506098,700,L12,2022-12-11
02160733754,04701687339,188,L12,2022-04-18
1241182449,2617964053,591,L14,2024-09-09
+918156149784,02160733754,612,L15,2023-01-06
+913200379176,00139904902,735,L13,2025-01-05
1241182449,7439533942,326,L12,2022-09-09
9367632016,2327193745,170,L16,2022-06-29
+917996507527,+910524278680,536,L16,2023-08-24
04479627570,4958887947,625,L16,2025-01-07
2327193745,+913036541458,844,L13,2022-04-02
+915348740164,+914345581223,881,L13,2023-03-17
1241182449,9856984789,84,L12,2023-07-08
00084271094,+913036541458,54,L14,2022-12-16
9367632016,1241182449,530,L13,2025-12-31
+915841687849,04688623924,519,L14,2023-08-11
03755646417,+910524278680,766,L16,2023-08-09
0147679764,+910524278680,464,L16,2022-12-12
05512567468,+910524278680,512,L13,2024-02-16
+917154516808,5148465648,700,L16,2023-05-27
05512567468,08501429401,508,L12,2023-02-09
1241182449,5281685054,261,L15,2023-04-09
+915348740164,08247710932,766,L12,2023-11-10
+912870831727,0010943969,816,L13,2022-02-13
+916562729806,07451712368,790,L13,2025-11-02
+910524278680,08261375060,444,L12,2025-05-07
6999386774,+913662994680,274,L13,2025-12-06
+915348740164,+919868000257,154,L12,2024-05-23
5165604945,2322602563,57,L15,2024-02-18
+910524278680,08147700541,222,L15,2023-08-08
+913573322141,+912870831727,374,L16,2024-01-11
7214895134,+914228421020,675,L13,2023-01-26
05107622683,+910524278680,201,L16,2024-05-06
+910524278680,0586518506,45,L13,2025-08-02
+913662994680,6120183667,652,L14,2025-05-24
00345054156,2322602563,190,L13,2024-07-29
6120183667,1241182449,171,L15,2022-12-30
06038597703,1241182449,851,L12,2022-01-28
+912870831727,+913573322141,279,L16,2022-10-20
1241182449,05562588153,815,L16,2022-08-06
08742967175,+916562729806,62,L14,2025-01-18
6120183667,7214895134,849,L12,2022-04-02
1746120047,08501429401,861,L13,2024-04-30
1241182449,+919912419049,237,L15,2024-05-24
5148465648,+911724005045,749,L13,2023-07-25
+914505331586,7298259526,191,L14,2024-02-28
+910276773592,+913690034324,391,L15,2022-02-23
1232812067,9016272046,662,L16,2022-03-07
00047974801,+913200379176,221,L16,2024-03-31
+910524278680,06038597703,847,L16,2025-02-19
6556981693,+917154516808,802,L12,2023-11-19
+910524278680,2322602563,321,L14,2022-01-18
0586518506,4958887947,626,L13,2022-06-03
+911382675869,7298259526,104,L13,2022-01-31
2322602563,00139904902,307,L12,2022-11-27
+915348740164,5220472779,415,L16,2024-04-17
+912970213556,9367632016,380,L16,2024-11-15
00047974801,+910524278680,814,L16,2023-05-17
1241182449,08536153051,302,L13,2024-02-09
+915348740164,+916562729806,486,L13,2022-10-26
00139904902,+915348740164,620,L12,2024-02-18
+910524278680,5220472779,781,L15,2025-11-01
08261375060,2322602563,443,L14,2023-12-02
5148465648,01473210469,421,L16,2023-06-23
1241182449,03030548687,519,L15,2022-09-13
04688623924,08501429401,670,L16,2022-02-03
4422583132,08501429401,772,L16,2025-07-01
+913036541458,5944064090,600,L14,2022-03-08
1241182449,+917154516808,234,L14,2024-11-05
1241182449,6169284511,38,L12,2022-02-01
+916562729806,+917154516808,841,L16,2024-11-28
+911467866912,06038597703,750,L15,2022-12-22
+913690034324,+913200379176,126,L16,2025-07-17
9016272046,00139904902,100,L12,2022-07-11
1241182449,3552312432,469,L14,2025-07-23
08144739473,7214895134,150,L14,2023-08-02
08527722170,2322602563,511,L13,2024-01-11
7298259526,07115921249,10,L16,2022-11-21
5220472779,+913662994680,227,L14,2022-03-02
08501429401,04688623924,606,L13,2023-10-01
08086131712,+913662994680,833,L15,2023-10-23
+910524278680,07752047116,127,L15,2022-09-12
+912870831727,05562588153,42,L16,2024-12-28
+915348740164,6120183667,76,L12,2024-08-20
08501429401,+919912419049,850,L13,2022-01-22
6556981693,00139904902,709,L13,2024-06-11
5396218518,+910524278680,54,L12,2023-09-16
+913200379176,5220472779,776,L15,2025-04-11
1241182449,2327193745,843,L13,2024-02-28
1241182449,1047095214,278,L15,2022-02-28
+913036541458,6120183667,754,L13,2024-05-15
08501429401,+919912419049,640,L15,2025-12-03
06038597703,08501429401,756,L14,2025-11-17
+911724005045,1241182449,275,L13,2022-06-07
+910524278680,1241182449,701,L13,2023-08-19
5148465648,+918156149784,750,L12,2025-08-03
05512567468,+915348740164,596,L15,2025-11-26
7214895134,04688623924,585,L14,2023-12-12
00608835615,1241182449,706,L15,2022-10-29
1241182449,+915348740164,294,L12,2025-04-29
+910524278680,00139904902,445,L12,2023-12-23
+910524278680,+917743487347,295,L16,2024-10-25
+916562729806,+914505331586,282,L13,2022-10-20
8895798687,1746120047,313,L12,2023-09-17
+915348740164,+911382675869,790,L12,2024-05-12
01604817549,9367632016,561,L14,2025-03-04
+910524278680,08536153051,133,L12,2024-04-05
5220472779,7214895134,603,L16,2025-10-13
2127799799,+910524278680,214,L13,2024-11-23
+918156149784,+913662994680,5,L16,2022-11-10
01902294131,02456506098,371,L16,2024-10-22
9367632016,00139904902,599,L16,2023-12-14
+914505331586,1241182449,689,L13,2022-07-17
+915348740164,+914345581223,10,L15,2024-01-07
07451712368,+910524278680,558,L12,2023-11-09
+919912419049,+911467866912,853,L15,2023-05-30
+915348740164,+917459615865,210,L12,2023-11-17
8516060715,6556981693,513,L13,2024-11-05
+912172715518,+915348740164,805,L16,2023-02-06
+910524278680,04688623924,899,L12,2023-05-27
+914505331586,9367632016,189,L12,2023-08-02
+914505331586,+911467866912,215,L14,2024-10-10
+911467866912,7383473597,304,L13,2025-08-31
6556981693,05512567468,425,L16,2025-12-15
+915348740164,6631931491,455,L15,2025-08-24
1829922995,1241182449,861,L14,2022-03-11
06038597703,+910524278680,215,L13,2024-02-16
4958887947,+913573322141,307,L16,2023-11-23
5944064090,1241182449,14,L12,2024-08-13
5148465648,+914505331586,213,L16,2023-10-30
+910524278680,+912172715518,610,L12,2022-02-22
+913690034324,+911467866912,392,L12,2025-04-08
4958887947,6120183667,756,L16,2024-05-06
1998679807,+913662994680,251,L15,2024-06-30
05271774490,+913200379176,39,L12,2024-06-02
06889373467,1241182449,612,L15,2024-01-28
01778528922,02160733754,309,L14,2024-10-07
+910524278680,01604817549,542,L16,2025-04-02
02160733754,1746120047,525,L12,2022-12-12
07115921249,+915348740164,557,L13,2025-01-06
1241182449,08261375060,31,L13,2024-01-27
+913200379176,1047095214,117,L12,2025-12-17
1241182449,+911280598262,576,L13,2025-06-05
+913690034324,+915348740164,709,L16,2023-06-23
+910276773592,03030548687,787,L15,2023-08-12
9367632016,1746120047,744,L15,2022-02-13
+915841687849,08261375060,410,L14,2023-04-15
+910524278680,6499091334,29,L13,2023-04-17
+915348740164,1998679807,837,L15,2024-02-13
+912870831727,05271774490,281,L12,2022-06-23
1241182449,08261375060,624,L12,2022-11-07
7769453147,1241182449,513,L14,2024-03-17
01604817549,7214895134,207,L12,2024-06-15
+915348740164,7809134316,179,L16,2025-07-06
1241182449,04369957773,306,L14,2025-10-17
+918053100330,2322602563,474,L12,2023-11-09
+911382675869,9367632016,539,L15,2025-04-17
2327193745,1241182449,242,L12,2023-03-20
2322602563,+917154516808,264,L12,2024-10-26
01183673657,+915348740164,286,L15,2025-08-07
08086131712,7298259526,726,L14,2023-06-03
4958887947,6120183667,507,L15,2022-12-22
5220472779,+912870831727,434,L12,2022-09-02
+911467866912,03982146584,862,L12,2025-09-29
+915348740164,08261375060,399,L16,2022-11-15
+911382675869,7298259526,449,L14,2023-12-12
+915348740164,01604817549,312,L16,2025-05-07
03755646417,1241182449,156,L13,2023-02-15
1241182449,03755646417,107,L16,2024-08-22
2546291486,02160733754,136,L13,2023-10-14
+915348740164,5396218518,187,L14,2023-04-27
07451712368,+910524278680,314,L12,2024-06-10
1241182449,02545991022,691,L15,2024-04-02
5148465648,03755646417,439,L15,2024-12-24
+910524278680,6999386774,129,L15,2024-09-29
+914505331586,02160733754,749,L15,2022-10-24
7809134316,1241182449,769,L12,2023-06-11
+918156149784,+910524278680,592,L13,2024-08-26
+912172715518,1241182449,353,L14,2023-10-17
+915348740164,08536153051,85,L15,2025-07-17
+915348740164,4024455022,175,L14,2025-07-02
+912870831727,01183673657,875,L12,2022-09-10
04846773782,1241182449,854,L15,2023-11-16
1829922995,1241182449,620,L15,2025-09-01
1047095214,+910276773592,12,L15,2022-03-08
5220472779,7298259526,887,L12,2024-02-29
06238692221,+913200379176,154,L16,2023-06-22
1820377889,5148465648,178,L15,2024-01-21
01604817549,1241182449,384,L14,2025-02-28
+916562729806,04688623924,136,L16,2022-10-28
08086131712,+913036541458,342,L12,2024-11-05
00084271094,+910276773592,871,L12,2025-01-06
01473210469,+910524278680,585,L13,2024-12-06
6169284511,+912870831727,315,L13,2022-05-05
+913036541458,09808932460,57,L12,2023-10-16
+918053100330,+913662994680,90,L13,2024-09-01
+913036541458,03950240268,617,L14,2024-09-24
4024455022,5148465648,779,L15,2023-01-09
1241182449,08527722170,526,L15,2024-08-21
02160733754,5220472779,355,L16,2025-07-30
08536153051,6556981693,253,L14,2022-11-25
8516060715,+911467866912,612,L12,2024-08-20
+910524278680,08742967175,555,L15,2024-01-27
5654310278,5148465648,142,L14,2022-06-01
1998679807,1241182449,127,L15,2025-08-08
00748217594,+915348740164,521,L16,2023-11-01
9016272046,01604817549,876,L16,2022-06-29
07351585064,1241182449,853,L12,2024-03-09
1241182449,00139904902,159,L13,2023-06-15
+915348740164,9856984789,869,L13,2022-03-22
1241182449,5220472779,879,L15,2023-03-04
+910524278680,6474367136,208,L15,2023-02-26
03950240268,+913200379176,184,L16,2024-11-03
6966416052,7214895134,779,L12,2023-03-06
+911467866912,05271774490,371,L15,2023-10-11
+918053100330,+915841687849,823,L14,2024-11-04
+911043289861,1241182449,286,L14,2025-08-18
+910524278680,08536153051,186,L12,2025-03-02
9367632016,+916562729806,716,L12,2024-08-20
+914936899809,+915348740164,31,L12,2023-11-11
8880670654,+915348740164,897,L15,2022-10-23
+910524278680,06038597703,617,L13,2024-12-11
9016272046,1241182449,233,L15,2022-07-08
9121655852,5148465648,492,L15,2024-08-09
+913200379176,01604817549,829,L13,2022-10-20
8880670654,6556981693,236,L13,2023-05-29
+913200379176,05512567468,468,L16,2024-06-12
+915841687849,+914505331586,892,L13,2024-10-30
08086131712,+911467866912,528,L13,2023-02-04
+910524278680,05137098593,557,L16,2023-04-17
03755646417,9016272046,701,L16,2022-12-06
+910524278680,01473210469,415,L15,2023-08-31
8895798687,+917058957829,5,L14,2022-06-03
0515319520,+913200379176,762,L13,2025-04-14
08414384249,+915348740164,863,L12,2023-06-08
08261375060,+910276773592,436,L12,2022-04-27
+914505331586,08501429401,830,L13,2024-09-21
6556981693,7383473597,730,L16,2024-09-26
+915348740164,00608835615,863,L12,2025-08-09
05107622683,+915348740164,667,L15,2024-06-20
0147679764,1241182449,585,L12,2023-01-06
08501429401,0010943969,839,L16,2023-08-25
7769453147,+916562729806,285,L15,2022-02-23
7769453147,1241182449,631,L15,2024-09-16
5220472779,+915841687849,257,L16,2025-01-07
9367632016,02456506098,808,L15,2024-11-05
05137098593,6556981693,851,L13,2025-05-22
2617964053,+910524278680,638,L15,2024-06-15
03259532787,+910524278680,777,L16,2024-01-04
02160733754,03982146584,722,L15,2025-11-04
02160733754,1241182449,546,L12,2022-01-26
04701687339,02160733754,704,L16,2022-11-13
+915348740164,05137098593,817,L14,2022-09-04
+916562729806,+911161528098,350,L16,2024-07-20
08536153051,2322602563,675,L16,2023-10-19
+914505331586,1241182449,111,L16,2023-10-21
05137098593,+915348740164,96,L16,2023-09-21
+918053100330,+910276773592,58,L15,2025-11-02
0147679764,+910524278680,224,L15,2022-07-22
1241182449,5654310278,215,L12,2025-11-12
5654310278,1241182449,251,L14,2025-09-12
+915841687849,9121655852,851,L14,2023-04-13
08867533963,1241182449,848,L15,2024-04-27
9367632016,+918156149784,77,L12,2025-07-29
+913662994680,00345054156,505,L13,2022-05-17
0847007661,+915348740164,520,L13,2023-01-23
6966416052,+910524278680,19,L14,2022-11-09
02316658760,+910276773592,63,L12,2022-08-17
+910524278680,06038597703,585,L13,2022-09-03
01864492519,+915348740164,563,L12,2022-06-01
0927557192,+916562729806,554,L13,2024-01-08
9121655852,+913200379176,646,L13,2023-12-24
02545991022,+912870831727,547,L13,2023-02-26
+910524278680,2327193745,569,L15,2022-11-17
9740344713,08501429401,580,L13,2022-11-24
1820377889,8895798687,395,L15,2024-08-26
+910276773592,00139904902,733,L14,2022-06-20
01604817549,02456506098,29,L14,2024-09-29
07652775841,+910524278680,249,L14,2025-12-05
01823374989,7298259526,350,L14,2022-03-24
08742967175,+915348740164,897,L12,2025-07-02
3552312432,1241182449,394,L15,2023-02-13
06038597703,+915348740164,693,L15,2023-07-08
+913690034324,+912870831727,359,L16,2023-06-20
1241182449,9367632016,785,L13,2022-08-08
7214895134,+913690034324,209,L13,2022-06-16
2322602563,1829922995,8,L13,2024-06-05
+914228421020,+910524278680,366,L15,2024-04-19
+917459615865,1241182449,147,L15,2023-10-11
9016272046,08261375060,879,L14,2025-01-30
05512567468,6556981693,336,L15,2025-12-16
5171870262,1241182449,320,L13,2025-07-17
7214895134,9367632016,293,L14,2023-11-30
+913200379176,5220472779,570,L14,2024-09-04
+914345581223,08501429401,172,L13,2026-01-01
2322602563,05512567468,370,L12,2023-11-24
+913662994680,04479627570,272,L13,2023-04-11
+910524278680,0147679764,29,L13,2022-04-18
06232858842,+915348740164,781,L13,2023-04-22
3183933529,1241182449,723,L16,2022-06-15
03755646417,+915348740164,828,L13,2022-08-07
+915841687849,9856984789,174,L15,2024-10-03
+910524278680,1241182449,285,L14,2022-01-01
03755646417,5148465648,747,L15,2023-04-26
1241182449,+911382675869,69,L13,2025-11-17
07351585064,+910524278680,69,L14,2023-07-30
+910276773592,+918053100330,711,L12,2024-07-06
7298259526,+910524278680,581,L16,2024-06-10
+914499727875,+910276773592,93,L14,2025-05-18
+915348740164,08501429401,9,L16,2023-06-06
1241182449,+915348740164,128,L13,2023-03-01
1241182449,07115921249,356,L14,2024-03-05
+910276773592,+915546659051,93,L14,2024-08-30
+915348740164,00139904902,800,L15,2025-12-12
+913573322141,+910524278680,192,L14,2023-04-03
6556981693,1047095214,290,L16,2024-06-12
1241182449,+914505331586,196,L13,2025-09-23
7439533942,7298259526,387,L14,2025-02-15
+914228421020,1241182449,835,L14,2022-10-08
8805929622,+915348740164,289,L14,2024-03-16
01823374989,02456506098,648,L16,2024-09-29
9367632016,02160733754,765,L15,2025-11-07
5148465648,04701687339,741,L14,2023-07-22
1241182449,3183933529,785,L13,2023-03-27
1241182449,03755646417,589,L14,2025-06-11
+917581814124,+913200379176,257,L13,2024-04-12
+913036541458,+914505331586,734,L15,2024-06-28
1241182449,2546291486,215,L15,2025-10-10
9016272046,+919912419049,604,L16,2025-08-13
2322602563,+918156149784,56,L12,2023-05-28
+910524278680,02545991022,808,L14,2022-12-27
+913200379176,1047095214,784,L13,2024-01-26
+916562729806,4422583132,256,L14,2022-01-18
07451712368,+910524278680,143,L12,2022-12-09
8895798687,1232812067,546,L15,2024-09-30
+913662994680,07652775841,396,L14,2024-02-09
7769453147,1241182449,237,L14,2024-06-18
+915348740164,02456506098,872,L12,2024-09-08
1241182449,03982146584,822,L15,2025-06-09
2546291486,+915348740164,803,L16,2025-01-27
07451712368,4958887947,162,L14,2024-02-13
1241182449,+912870831727,433,L13,2025-03-11
03755646417,+915348740164,749,L12,2024-09-15
+913662994680,0147679764,836,L16,2023-12-03
08144739473,+910524278680,420,L13,2024-06-04
04688623924,1241182449,558,L15,2024-05-27
+919868000257,1241182449,186,L13,2022-03-08
+913036541458,7298259526,89,L16,2022-03-22
1241182449,5654310278,813,L15,2022-12-15
+913200379176,8516060715,294,L14,2023-11-13
+915348740164,08536153051,263,L13,2024-03-08
1241182449,04688623924,261,L12,2024-05-01
+910276773592,+911775891783,302,L15,2025-01-08
+910524278680,08742967175,422,L12,2025-04-21
05137098593,+915348740164,846,L13,2024-07-09
+912870831727,1998679807,269,L14,2022-12-13
08536153051,1241182449,250,L14,2022-05-16
05562588153,5148465648,467,L12,2023-11-23
7214895134,02545991022,289,L14,2022-06-20
+915348740164,08536153051,816,L12,2024-06-04
+918053100330,+915348740164,468,L12,2023-01-21
+911382675869,1241182449,685,L14,2024-02-02
8895798687,02160733754,538,L12,2025-02-23
5220472779,+910524278680,312,L13,2025-09-23
08536153051,02456506098,548,L12,2024-01-16
02456506098,00139904902,733,L13,2022-07-10
5148465648,04701687339,791,L14,2023-11-15
+913036541458,03982146584,46,L15,2023-10-01
2322602563,08742967175,763,L13,2022-04-17
0515319520,+910524278680,833,L15,2024-01-10
6120183667,1241182449,228,L13,2025-12-21
+912870831727,+915348740164,260,L12,2022-04-06
0147679764,+912870831727,228,L12,2023-07-21
1241182449,1047095214,67,L15,2022-05-03
08261375060,+910276773592,281,L15,2022-11-25
06038597703,+915841687849,569,L13,2024-11-09
1241182449,+911382675869,114,L14,2023-05-10
00047974801,1241182449,25,L16,2023-11-02
02160733754,1047095214,205,L14,2023-05-17
+910524278680,08742967175,487,L16,2023-05-09
08501429401,08527722170,241,L12,2024-04-21
1241182449,+914228421020,128,L16,2023-07-29
+911161528098,2322602563,261,L16,2025-05-10
+913036541458,07451712368,239,L14,2025-03-24
1241182449,+918156149784,370,L16,2024-07-15
+918156149784,+915348740164,104,L16,2025-07-08
1241182449,07752047116,181,L13,2022-11-18
+912870831727,1047095214,682,L13,2024-07-09
+919832731585,+915348740164,748,L14,2023-02-23
+916562729806,+911280598262,167,L15,2024-08-28
1241182449,+917154516808,550,L15,2022-12-25
8880670654,9016272046,613,L16,2024-12-27
+911043289861,+913662994680,716,L12,2022-09-17
+910524278680,03755646417,242,L13,2022-09-16
2322602563,08557444313,567,L13,2022-10-06
+910524278680,07451712368,863,L13,2023-02-25
1241182449,06889373467,366,L15,2023-10-03
+915348740164,6937923747,31,L16,2022-04-01
+910524278680,02545991022,256,L14,2024-02-13
+917154516808,+910524278680,322,L16,2022-12-15
+917154516808,+915348740164,736,L15,2022-03-22
+910524278680,2327193745,425,L16,2025-05-18
+913200379176,+911280598262,826,L12,2022-04-07
+910276773592,6120183667,565,L15,2024-08-28
+914499727875,9016272046,253,L13,2024-05-09
6556981693,0784473647,262,L15,2022-06-18
9016272046,08018242253,387,L12,2023-08-19
+912970213556,1241182449,236,L14,2022-08-12
07451712368,8895798687,664,L13,2023-10-24
+915348740164,+914499727875,40,L12,2022-06-07
+919868000257,02160733754,517,L16,2024-04-13
2327193745,+915348740164,835,L16,2022-03-02
6556981693,+919270653794,119,L13,2025-01-30
04688623924,8895798687,64,L14,2022-06-06
+918156149784,+913662994680,136,L12,2024-05-23
+911467866912,01778528922,900,L16,2022-04-24
+911280598262,+911467866912,222,L13,2022-07-24
9740344713,+910276773592,123,L14,2023-05-11
03030548687,1241182449,545,L13,2024-07-05
08501429401,+917154516808,712,L12,2025-11-22
01183673657,+910524278680,382,L16,2025-03-02
08742967175,08501429401,26,L14,2024-10-21
02545991022,2322602563,568,L16,2024-02-23
+913662994680,00047974801,401,L13,2024-10-28
1241182449,08018242253,389,L12,2024-12-16
02456506098,+911382675869,621,L14,2022-05-17
1241182449,+917058957829,695,L14,2024-12-28
+914505331586,+912870831727,326,L13,2024-01-03
5148465648,3597820715,248,L14,2024-11-17
+912870831727,07451712368,592,L15,2023-12-08
7214895134,+919912419049,81,L16,2025-09-29
+910524278680,+917581814124,446,L14,2023-07-19
7298259526,6631931491,214,L14,2025-10-28
08501429401,+918053100330,536,L13,2024-05-09
01657262849,+913662994680,532,L16,2022-12-29
1241182449,08742967175,463,L14,2022-08-03
9367632016,+912970213556,876,L12,2023-11-09
01604817549,+910276773592,774,L15,2022-03-15
2322602563,5654310278,245,L15,2025-01-19
+915348740164,5165604945,286,L12,2024-02-19
+910276773592,+911280598262,647,L15,2025-09-21
05107622683,+916562729806,859,L14,2022-09-23
+915348740164,0147679764,176,L16,2023-07-27
1241182449,00139904902,504,L14,2025-10-24
08144739473,5148465648,497,L15,2025-05-11
1241182449,+917154516808,245,L16,2024-11-19
+910524278680,00139904902,796,L16,2025-04-10
01604817549,02456506098,690,L16,2023-07-27
9367632016,0784473647,126,L15,2022-06-19
+915841687849,1241182449,876,L12,2022-01-13
+910524278680,04688623924,386,L13,2025-08-02
+914228421020,7298259526,507,L15,2022-10-23
+910276773592,+918156149784,232,L15,2024-05-16
06889373467,1241182449,380,L13,2024-11-21
2322602563,06038597703,13,L16,2022-07-04
1047095214,1241182449,174,L15,2024-08-23
+910524278680,5220472779,740,L12,2024-06-19
03755646417,+916562729806,585,L13,2025-06-13
00139904902,+911467866912,278,L12,2024-05-05
+913690034324,+913662994680,462,L16,2025-05-21
+918053100330,+915348740164,50,L16,2023-06-28
1241182449,00047974801,246,L12,2024-03-05
02545991022,2322602563,208,L14,2024-09-05
+916453521818,+913662994680,166,L15,2022-08-30
06038597703,6556981693,190,L12,2022-03-27
+919832731585,+915348740164,144,L16,2023-12-04
+915348740164,2617964053,446,L14,2024-02-18
2327193745,1241182449,188,L14,2024-07-21
+919270653794,08501429401,787,L13,2023-08-01
+913036541458,6499091334,813,L15,2025-02-17
02545991022,02456506098,158,L14,2025-05-06
+917154516808,1241182449,847,L13,2025-04-26
0847007661,9367632016,716,L15,2025-04-09
05107622683,+910276773592,446,L16,2024-05-22
1241182449,+919912419049,134,L16,2023-07-31
1829922995,9016272046,705,L12,2025-07-17
+911280598262,1241182449,376,L15,2024-04-10
6937923747,5148465648,573,L12,2022-05-02
+913036541458,08086131712,786,L15,2022-07-04
+913036541458,6966416052,380,L12,2024-07-06
+916690967054,+915348740164,742,L14,2022-08-10
+914499727875,08501429401,60,L13,2024-08-04
1241182449,00748217594,362,L16,2024-12-24
+913678377701,+915348740164,128,L12,2025-02-23
08742967175,4958887947,827,L16,2023-02-15
1241182449,+910524278680,277,L15,2024-04-05
1241182449,+911280598262,124,L15,2022-04-14
1241182449,02545991022,604,L16,2023-04-29
7298259526,7439533942,20,L14,2022-05-18
2327193745,+910524278680,476,L13,2025-01-12
6556981693,08867533963,866,L12,2022-11-21
03755646417,7214895134,369,L16,2024-12-04
00748217594,1241182449,181,L12,2022-05-07
03634957885,+910524278680,490,L15,2023-10-18
5148465648,+911724005045,511,L13,2025-02-04
1746120047,1241182449,592,L14,2023-03-31
08527722170,7298259526,259,L16,2024-01-03
08742967175,02456506098,49,L14,2023-06-06
+911382675869,02160733754,345,L12,2025-12-05
02316658760,+913200379176,104,L14,2024-05-28
+915348740164,+911382675869,416,L15,2022-05-10
9367632016,03634957885,556,L16,2025-03-19
5148465648,5165604945,744,L13,2025-05-11
5148465648,06232858842,437,L12,2025-10-30
+913036541458,+911713900532,340,L16,2024-02-02
+910524278680,06232858842,55,L16,2022-02-20
0927557192,4958887947,703,L16,2023-07-16
05137098593,+915348740164,466,L14,2023-09-24
08144739473,1241182449,696,L13,2024-05-21
+910276773592,04688623924,443,L15,2024-09-06
00139904902,8895798687,328,L12,2025-06-09
06038597703,08501429401,186,L12,2023-07-30
2322602563,04479627570,877,L14,2024-10-27
03950240268,02456506098,497,L15,2025-12-27
+919868000257,9367632016,900,L13,2022-06-12
+910524278680,1746120047,843,L13,2025-07-25
9367632016,0147679764,716,L16,2023-04-22
+915348740164,01778528922,265,L14,2023-09-18
4422583132,+915841687849,297,L16,2025-01-05
+916453521818,02456506098,466,L15,2024-06-16
06232858842,+915348740164,893,L16,2025-02-10
04688623924,+910276773592,851,L14,2022-03-27
7298259526,00047974801,337,L16,2025-01-21
09808932460,1241182449,883,L12,2025-12-04
1241182449,+918156149784,778,L14,2025-10-03
01604817549,+916562729806,787,L16,2025-11-15
5220472779,+915841687849,558,L14,2024-02-20
03755646417,+912870831727,213,L13,2025-02-14
7214895134,+917581814124,20,L13,2023-01-15
03755646417,1241182449,69,L16,2025-11-17
+913690034324,7214895134,565,L14,2022-06-21
+916453521818,7298259526,473,L13,2024-04-07
1241182449,+917581814124,290,L16,2023-11-06
+915841687849,1241182449,462,L14,2025-01-14
+913036541458,5165604945,610,L16,2023-07-05
+913200379176,01778528922,140,L14,2024-06-02
1047095214,+910276773592,539,L16,2025-03-28
1746120047,1241182449,590,L13,2024-01-25
+911467866912,04688623924,374,L16,2023-11-19
+913200379176,5220472779,513,L16,2022-01-01
1241182449,3552312432,69,L15,2025-07-18
+910524278680,06232858842,672,L13,2024-11-24
8895798687,+917459615865,403,L14,2025-01-15
1241182449,+911280598262,810,L16,2023-12-21
+917581814124,8895798687,49,L15,2022-03-09
1241182449,06232858842,722,L12,2025-08-31
08742967175,+916562729806,798,L16,2025-02-23
+910524278680,+917581814124,288,L12,2025-12-14
7516136968,1241182449,39,L14,2025-01-12
+913036541458,+914505331586,107,L16,2024-08-05
+911467866912,02160733754,708,L13,2022-02-09
+910524278680,+913690034324,177,L12,2025-07-22
+914505331586,5148465648,224,L14,2023-01-10
+910524278680,05512567468,765,L14,2025-04-23
1241182449,06038597703,698,L13,2025-06-27
+910276773592,+911382675869,596,L12,2022-01-27
+910524278680,+918156149784,252,L16,2024-09-07
5220472779,1241182449,407,L15,2024-10-02
1241182449,03755646417,361,L12,2022-01-23
07451712368,+915841687849,325,L13,2023-06-07
08742967175,02160733754,20,L16,2022-03-07
+915348740164,08527722170,436,L12,2025-10-18
05512567468,1241182449,787,L16,2025-01-12
8880670654,+913662994680,398,L15,2024-03-15
+919912419049,8895798687,11,L14,2023-07-31
+911382675869,02456506098,466,L16,2023-10-25
1241182449,0847007661,6,L12,2024-06-30
1241182449,+918053100330,722,L12,2022-12-11
7298259526,+917743487347,744,L13,2024-09-03
1241182449,03755646417,223,L14,2025-06-13
02545991022,+916562729806,263,L14,2022-07-01
9367632016,6120183667,56,L13,2023-07-22
+919912419049,+912870831727,739,L15,2024-06-17
2322602563,08742967175,53,L14,2024-04-13
08247710932,1241182449,849,L14,2022-04-28
05137098593,+912870831727,77,L12,2025-11-01
1241182449,+910524278680,420,L14,2025-02-15
5171870262,1241182449,667,L15,2025-05-23
8895798687,09808932460,125,L14,2022-07-01
08414384249,+915348740164,711,L12,2023-05-09
07451712368,+915348740164,741,L14,2023-07-01
1241182449,5220472779,287,L13,2022-10-07
05107622683,+910524278680,585,L13,2024-04-25
+915348740164,6120183667,753,L15,2022-09-07
+911467866912,+917581814124,176,L12,2022-10-18
6999386774,9016272046,376,L14,2025-09-09
5148465648,+918053100330,172,L12,2025-08-20
1241182449,01902294131,68,L12,2025-08-15
02545991022,+910524278680,30,L15,2022-11-08
2322602563,+910524278680,475,L16,2022-04-04
+913036541458,07451712368,164,L12,2024-03-22
+913690034324,+910276773592,509,L15,2025-09-26
6556981693,6631931491,502,L14,2025-10-02
00139904902,1241182449,680,L13,2022-05-27
+910524278680,00139904902,587,L13,2022-05-29
06232858842,1241182449,145,L14,2022-02-07
+912870831727,6120183667,696,L15,2022-02-27
+911467866912,0147679764,720,L14,2025-11-20
00139904902,+915348740164,529,L16,2025-10-08
9016272046,+914228421020,365,L14,2022-02-18
1241182449,+917459615865,579,L15,2024-08-08
+915348740164,+914499727875,366,L13,2023-10-07
1047095214,+915348740164,761,L14,2024-03-01
7214895134,+911382675869,622,L13,2025-04-21
05562588153,4958887947,783,L15,2025-03-15
9367632016,+918156149784,122,L12,2024-09-07
7769453147,+910524278680,289,L15,2025-03-06
+919912419049,+910524278680,33,L14,2022-10-17
6556981693,+919270653794,213,L14,2024-08-03
+911467866912,03259532787,85,L16,2025-03-20
+910524278680,2327193745,192,L15,2023-01-26
9016272046,0147679764,143,L13,2022-03-10
+916562729806,04688623924,96,L15,2025-08-17
7298259526,00139904902,866,L12,2023-10-15
+916562729806,05137098593,815,L12,2024-01-21
+918053100330,8895798687,161,L13,2025-07-01
9367632016,+912499471746,74,L12,2025-04-05
+915348740164,0010943969,805,L14,2025-11-10
+913036541458,+914505331586,53,L16,2022-09-02
02456506098,1746120047,831,L12,2025-06-11
5148465648,03755646417,700,L14,2023-10-19
2127799799,1241182449,557,L13,2023-02-05
5654310278,1241182449,480,L13,2022-02-12
1241182449,+917154516808,704,L16,2024-02-13
8895798687,02545991022,591,L13,2022-11-19
+915348740164,+911775891783,328,L16,2025-09-23
+910524278680,06038597703,348,L14,2025-09-20
4024455022,+915348740164,689,L14,2025-02-02
02160733754,2327193745,114,L16,2023-04-02
01864492519,+915348740164,284,L16,2025-03-21
+910524278680,06038597703,588,L15,2024-10-26
5148465648,+914345581223,451,L13,2022-10-24
+910524278680,03755646417,264,L13,2024-12-25
04688623924,5148465648,755,L16,2024-09-21
+918156149784,02160733754,169,L13,2024-11-18
5148465648,1746120047,63,L15,2023-03-26
7809134316,1241182449,709,L12,2022-12-11
00139904902,+910524278680,834,L14,2023-01-03
5396218518,+910276773592,835,L13,2024-04-04
08086131712,6556981693,449,L14,2025-02-04
9367632016,01183673657,424,L15,2022-08-28
1241182449,01343524082,491,L16,2022-10-20
